GROUP,PACKAGE,CLASS,INSTRUCTION_MISSED,INSTRUCTION_COVERED,BRANCH_MISSED,BRANCH_COVERED,LINE_MISSED,LINE_COVERED,COMPLEXITY_MISSED,COMPLEXITY_COVERED,METHOD_MISSED,METHOD_COVERED
IU Java Utilities API Reference/iu-java-base,edu.iu,IuOutOfServiceException,0,16,0,0,0,8,0,4,0,4
IU Java Utilities API Reference/iu-java-base,edu.iu,IuRateLimitter,0,408,0,50,0,115,0,44,0,19
IU Java Utilities API Reference/iu-java-base,edu.iu,IuBadRequestException,0,16,0,0,0,8,0,4,0,4
IU Java Utilities API Reference/iu-java-base,edu.iu,IuUtilityTaskController,0,116,0,6,0,23,0,10,0,7
IU Java Utilities API Reference/iu-java-base,edu.iu,IuCacheMap.CacheIterator,0,69,0,8,0,24,0,8,0,4
IU Java Utilities API Reference/iu-java-base,edu.iu,IuAsynchronousPipe.Splitr,0,161,0,26,0,31,0,19,0,6
IU Java Utilities API Reference/iu-java-base,edu.iu,IuCacheMap.CacheCollection,0,151,0,6,0,32,0,19,0,16
IU Java Utilities API Reference/iu-java-base,edu.iu,IuStream.new ThreadLocal() {...},0,7,0,0,0,2,0,2,0,2
IU Java Utilities API Reference/iu-java-base,edu.iu,IuVisitor,0,89,0,12,0,27,0,12,0,6
IU Java Utilities API Reference/iu-java-base,edu.iu,IuStream.Buffers,0,11,0,0,0,3,0,1,0,1
IU Java Utilities API Reference/iu-java-base,edu.iu,IuWebUtils.new Iterator() {...},0,265,0,30,0,45,0,18,0,3
IU Java Utilities API Reference/iu-java-base,edu.iu,IuObject,0,768,0,170,0,185,0,114,0,29
IU Java Utilities API Reference/iu-java-base,edu.iu,IuWebUtils.1.new IuWebAuthenticationChallenge() {...},0,24,0,0,0,4,0,4,0,4
IU Java Utilities API Reference/iu-java-base,edu.iu,IuException,0,579,0,38,0,209,0,67,0,48
IU Java Utilities API Reference/iu-java-base,edu.iu,IuAsynchronousSubject,0,95,0,12,0,24,0,14,0,8
IU Java Utilities API Reference/iu-java-base,edu.iu,IuVisitor.ElementSplitter.new Object() {...},0,6,0,0,0,1,0,1,0,1
IU Java Utilities API Reference/iu-java-base,edu.iu,IdGenerator,0,235,0,22,0,33,0,13,0,2
IU Java Utilities API Reference/iu-java-base,edu.iu,IuCachedValue.new TimerTask() {...},0,10,0,0,0,3,0,2,0,2
IU Java Utilities API Reference/iu-java-base,edu.iu,IuAsynchronousPipe,0,363,0,38,0,88,0,39,0,20
IU Java Utilities API Reference/iu-java-base,edu.iu,IuCachedValue.Ref,0,12,0,2,0,3,0,2,0,1
IU Java Utilities API Reference/iu-java-base,edu.iu,IuCachedValue.new TimerTask() {...},0,14,0,2,0,4,0,3,0,2
IU Java Utilities API Reference/iu-java-base,edu.iu,IuEnumerableQueue,0,185,0,14,0,53,0,29,0,22
IU Java Utilities API Reference/iu-java-base,edu.iu,IuIterable.new Iterable() {...},0,19,0,0,0,3,0,3,0,3
IU Java Utilities API Reference/iu-java-base,edu.iu,IuUtilityTaskController.new Runnable() {...},0,72,0,0,0,15,0,2,0,2
IU Java Utilities API Reference/iu-java-base,edu.iu,IuCachedValue,0,203,0,28,0,57,0,24,0,10
IU Java Utilities API Reference/iu-java-base,edu.iu,IuIterable.new Iterator() {...},0,70,0,8,0,13,0,7,0,3
IU Java Utilities API Reference/iu-java-base,edu.iu,IuUtilityTaskController.new ThreadFactory() {...},0,26,0,0,0,4,0,2,0,2
IU Java Utilities API Reference/iu-java-base,edu.iu,IuIterable.new Iterator() {...},0,45,0,4,0,6,0,5,0,3
IU Java Utilities API Reference/iu-java-base,edu.iu,IuAsynchronousSubject.SourceSplit,0,134,0,22,0,36,0,17,0,6
IU Java Utilities API Reference/iu-java-base,edu.iu,IuUtilityTaskController.new TimerTask() {...},0,19,0,0,0,5,0,2,0,2
IU Java Utilities API Reference/iu-java-base,edu.iu,IuCacheMap,0,173,0,12,0,41,0,24,0,18
IU Java Utilities API Reference/iu-java-base,edu.iu,IuParallelWorkloadController.new Runnable() {...},0,182,0,6,0,32,0,10,0,7
IU Java Utilities API Reference/iu-java-base,edu.iu,IuNotFoundException,0,16,0,0,0,8,0,4,0,4
IU Java Utilities API Reference/iu-java-base,edu.iu,IuCacheMap.CacheEntry,0,81,0,8,0,18,0,10,0,6
IU Java Utilities API Reference/iu-java-base,edu.iu,IuIterable.new Iterator() {...},0,55,0,6,0,12,0,6,0,3
IU Java Utilities API Reference/iu-java-base,edu.iu,IuIterable.new Iterator() {...},0,25,0,0,0,4,0,3,0,3
IU Java Utilities API Reference/iu-java-base,edu.iu,IuCacheMap.CacheSpliterator,0,72,0,8,0,20,0,10,0,6
IU Java Utilities API Reference/iu-java-base,edu.iu,IuText,0,72,0,16,0,25,0,17,0,9
IU Java Utilities API Reference/iu-java-base,edu.iu,IuCacheMap.CacheSpliterator.new Object() {...},0,6,0,0,0,1,0,1,0,1
IU Java Utilities API Reference/iu-java-base,edu.iu,IuParallelWorkloadController,0,726,0,60,0,158,0,57,0,27
IU Java Utilities API Reference/iu-java-base,edu.iu,IuAsynchronousSubject.Subscriber,0,570,0,100,0,151,0,75,0,25
IU Java Utilities API Reference/iu-java-base,edu.iu,IuDigest,0,50,0,0,0,5,0,10,0,10
IU Java Utilities API Reference/iu-java-base,edu.iu,IuAuthorizationFailedException,0,16,0,0,0,8,0,4,0,4
IU Java Utilities API Reference/iu-java-base,edu.iu,IuCacheMap.CacheKeySet,0,24,0,0,0,3,0,4,0,4
IU Java Utilities API Reference/iu-java-base,edu.iu,IuWebUtils,0,1295,0,299,0,295,0,202,0,33
IU Java Utilities API Reference/iu-java-base,edu.iu,IuCacheMap.CacheValues,0,27,0,0,0,3,0,4,0,4
IU Java Utilities API Reference/iu-java-base,edu.iu,IuRuntimeEnvironment,0,64,0,6,0,11,0,11,0,8
IU Java Utilities API Reference/iu-java-base,edu.iu,IuFixedLimitOutputBuffer,0,245,0,22,0,57,0,19,0,8
IU Java Utilities API Reference/iu-java-base,edu.iu,IuStream,0,65,0,4,0,17,0,7,0,5
IU Java Utilities API Reference/iu-java-base,edu.iu,IuIterable,0,239,0,43,0,64,0,41,0,19
IU Java Utilities API Reference/iu-java-base,edu.iu,IuCacheMap.CacheCollection.new Object() {...},0,6,0,0,0,1,0,1,0,1
IU Java Utilities API Reference/iu-java-base,edu.iu,IuParallelWorkloadController.CloseTask,0,42,0,2,0,11,0,5,0,4
IU Java Utilities API Reference/iu-java-base,edu.iu,IuCacheMap.CacheEntrySet,0,48,0,6,0,8,0,7,0,4
IU Java Utilities API Reference/iu-java-base,edu.iu,IuIterable.IuIterator,0,81,0,6,0,19,0,9,0,6
IU Java Utilities API Reference/iu-java-base,edu.iu,IuVisitor.ElementSplitter,0,77,1,9,0,21,1,10,0,6
IU Java Utilities API Reference/iu-java-base,iu,ParallelTaskController,0,329,0,40,0,81,0,38,0,18
IU Java Utilities API Reference/iu-java-client,iu.client,JsonAdapters,0,641,0,172,0,157,0,95,0,9
IU Java Utilities API Reference/iu-java-client,iu.client,DateJsonAdapter,0,83,0,8,0,21,0,8,0,4
IU Java Utilities API Reference/iu-java-client,iu.client,TextJsonAdapter,0,51,0,12,0,14,0,10,0,4
IU Java Utilities API Reference/iu-java-client,iu.client,TimeZoneJsonAdapter,0,40,0,4,0,10,0,5,0,3
IU Java Utilities API Reference/iu-java-client,iu.client,CollectionAdapter,0,24,0,0,0,7,0,3,0,3
IU Java Utilities API Reference/iu-java-client,iu.client,BasicJsonAdapter,0,229,0,44,0,56,0,26,0,4
IU Java Utilities API Reference/iu-java-client,iu.client,EnumerationAdapter,0,13,0,0,0,4,0,3,0,3
IU Java Utilities API Reference/iu-java-client,iu.client,JsonSerializer,0,144,0,19,0,32,0,16,0,6
IU Java Utilities API Reference/iu-java-client,iu.client,OptionalJsonAdapter,0,29,0,2,0,8,0,5,0,4
IU Java Utilities API Reference/iu-java-client,iu.client,EnumerationAdapter.new Enumeration() {...},0,22,0,0,0,4,0,3,0,3
IU Java Utilities API Reference/iu-java-client,iu.client,NumberAdapter,0,182,0,8,0,27,0,14,0,10
IU Java Utilities API Reference/iu-java-client,iu.client,ParsingJsonAdapter,0,66,0,6,0,19,0,8,0,5
IU Java Utilities API Reference/iu-java-client,iu.client,JsonProxy,0,275,0,34,0,61,0,24,0,7
IU Java Utilities API Reference/iu-java-client,iu.client,StreamAdapter,0,16,0,0,0,4,0,3,0,3
IU Java Utilities API Reference/iu-java-client,iu.client,JsonObjectAdapter,0,104,0,10,0,20,0,10,0,5
IU Java Utilities API Reference/iu-java-client,iu.client,Vault.new Object() {...},0,6,0,0,0,1,0,1,0,1
IU Java Utilities API Reference/iu-java-client,iu.client,ArrayAdapter,0,19,0,0,0,5,0,3,0,3
IU Java Utilities API Reference/iu-java-client,iu.client,IteratorAdapter,0,9,0,0,0,4,0,3,0,3
IU Java Utilities API Reference/iu-java-client,iu.client,BooleanJsonAdapter,0,70,0,18,0,15,0,13,0,4
IU Java Utilities API Reference/iu-java-client,iu.client,JsonArrayAdapter,0,61,0,8,0,15,0,8,0,4
IU Java Utilities API Reference/iu-java-client,iu.client,VaultKeyedValue,0,95,0,10,0,19,0,13,0,8
IU Java Utilities API Reference/iu-java-client,iu.client,BinaryJsonAdapter,0,27,0,4,0,9,0,5,0,3
IU Java Utilities API Reference/iu-java-client,iu.client,Vault,0,808,1,65,0,164,1,69,0,37
IU Java Utilities API Reference/iu-java-client,iu.client,IterableAdapter,0,9,0,0,0,4,0,3,0,3
IU Java Utilities API Reference/iu-java-client,iu.client,VaultSecret,0,121,0,4,0,27,0,12,0,10
IU Java Utilities API Reference/iu-java-client,iu.client,CalendarJsonAdapter,0,32,0,4,0,10,0,5,0,3
IU Java Utilities API Reference/iu-java-client,edu.iu.client,IuJsonPropertyNameFormat,0,21,0,0,0,4,0,1,0,1
IU Java Utilities API Reference/iu-java-client,edu.iu.client,IuJsonAdapter.new IuJsonAdapter() {...},0,20,0,0,0,3,0,3,0,3
IU Java Utilities API Reference/iu-java-client,edu.iu.client,IuJsonAdapter.new IuJsonAdapter() {...},0,15,0,0,0,3,0,3,0,3
IU Java Utilities API Reference/iu-java-client,edu.iu.client,IuJsonAdapter.new IuJsonAdapter() {...},0,16,0,0,0,3,0,3,0,3
IU Java Utilities API Reference/iu-java-client,edu.iu.client,IuHttp,0,381,0,26,0,74,0,35,0,22
IU Java Utilities API Reference/iu-java-client,edu.iu.client,IuJsonAdapter,0,70,0,0,0,12,0,14,0,14
IU Java Utilities API Reference/iu-java-client,edu.iu.client,HttpException,0,25,0,0,0,10,0,4,0,4
IU Java Utilities API Reference/iu-java-client,edu.iu.client,IuVault,0,11,0,0,0,3,0,3,0,3
IU Java Utilities API Reference/iu-java-client,edu.iu.client,IuJsonBuilder,0,98,0,2,0,16,0,12,0,11
IU Java Utilities API Reference/iu-java-client,edu.iu.client,IuJson,0,234,0,16,0,61,0,45,0,37
IU Java Utilities API Reference/iu-java-test,edu.iu.test,IuTest,0,109,0,6,0,28,0,10,0,7
IU Java Utilities API Reference/iu-java-test,edu.iu.test,IuTestLogger,0,328,0,32,0,81,0,30,0,14
IU Java Utilities API Reference/iu-java-test,edu.iu.test,IuTestLogger.IuTestLogHandler,0,209,0,24,0,53,0,18,0,6
IU Java Utilities API Reference/iu-java-test,edu.iu.test,IuTestSessionListener,0,7,0,0,0,6,0,3,0,3
IU Java Utilities API Reference/iu-java-test,edu.iu.test,IuTestLogger.LogRecordMatcher,0,168,0,38,0,39,0,23,0,4
IU Java Utilities API Reference/iu-java-test,edu.iu.test,IuTestExtension,6,23,2,2,2,14,2,4,0,4
IU Java Utilities API Reference/iu-java-crypt,edu.iu.crypt,EphemeralKeys,0,145,0,8,0,34,0,15,0,11
IU Java Utilities API Reference/iu-java-crypt,edu.iu.crypt,Init,0,20,0,0,0,6,0,2,0,2
IU Java Utilities API Reference/iu-java-crypt,edu.iu.crypt,WebCryptoHeader,0,186,0,26,0,34,0,20,0,7
IU Java Utilities API Reference/iu-java-crypt,edu.iu.crypt,PemEncoded,0,338,0,28,0,67,0,37,0,23
IU Java Utilities API Reference/iu-java-crypt,edu.iu.crypt,WebKey,0,688,0,126,0,144,0,90,0,27
IU Java Utilities API Reference/iu-java-crypt,edu.iu.crypt,WebCertificateReference,0,80,0,16,0,23,0,13,0,5
IU Java Utilities API Reference/iu-java-crypt,edu.iu.crypt,WebSignedPayload,0,38,0,4,0,12,0,4,0,2
IU Java Utilities API Reference/iu-java-crypt,edu.iu.crypt,WebKey.Algorithm,0,980,0,0,0,71,0,4,0,4
IU Java Utilities API Reference/iu-java-crypt,edu.iu.crypt,WebEncryption.Encryption,0,94,0,0,0,14,0,4,0,4
IU Java Utilities API Reference/iu-java-crypt,edu.iu.crypt,WebEncryption,0,36,0,0,0,8,0,6,0,6
IU Java Utilities API Reference/iu-java-crypt,edu.iu.crypt,WebSignature,0,4,0,0,0,1,0,1,0,1
IU Java Utilities API Reference/iu-java-crypt,edu.iu.crypt,WebSignature.Builder,0,12,0,0,0,2,0,2,0,2
IU Java Utilities API Reference/iu-java-crypt,edu.iu.crypt,WebKey.Type,0,182,0,12,0,29,0,13,0,7
IU Java Utilities API Reference/iu-java-crypt,edu.iu.crypt,WebKey.Use,0,40,0,0,0,7,0,4,0,4
IU Java Utilities API Reference/iu-java-crypt,edu.iu.crypt,WebToken,0,21,0,0,0,4,0,4,0,4
IU Java Utilities API Reference/iu-java-crypt,edu.iu.crypt,PemEncoded.new Iterator() {...},0,204,0,20,0,36,0,13,0,3
IU Java Utilities API Reference/iu-java-crypt,edu.iu.crypt,WebEncryption.Builder,0,12,0,0,0,2,0,2,0,2
IU Java Utilities API Reference/iu-java-crypt,edu.iu.crypt,WebEncryptionRecipient.Builder,0,15,0,0,0,3,0,3,0,3
IU Java Utilities API Reference/iu-java-crypt,edu.iu.crypt,PemEncoded.KeyType,0,27,0,0,0,5,0,1,0,1
IU Java Utilities API Reference/iu-java-crypt,edu.iu.crypt,WebKeyReference,0,4,0,0,0,2,0,2,0,2
IU Java Utilities API Reference/iu-java-crypt,edu.iu.crypt,WebCryptoHeader.Param,0,311,0,2,0,32,0,17,0,16
IU Java Utilities API Reference/iu-java-crypt,edu.iu.crypt,WebKey.Operation,0,82,0,0,0,14,0,4,0,4
IU Java Utilities API Reference/iu-java-crypt-impl,iu.crypt.init,CryptImplResource,0,4,0,0,0,3,0,1,0,1
IU Java Utilities API Reference/iu-java-crypt-impl,iu.crypt,JwkBuilder,0,634,0,39,0,118,0,47,0,25
IU Java Utilities API Reference/iu-java-crypt-impl,iu.crypt,Jwe.AesCbcHmac,0,282,0,4,0,48,0,11,0,9
IU Java Utilities API Reference/iu-java-crypt-impl,iu.crypt,JoseBuilder,0,111,0,4,0,22,0,14,0,12
IU Java Utilities API Reference/iu-java-crypt-impl,iu.crypt,Jwe,0,1090,0,88,0,208,0,83,0,39
IU Java Utilities API Reference/iu-java-crypt-impl,iu.crypt,EncodingUtils,0,201,0,10,0,36,0,11,0,6
IU Java Utilities API Reference/iu-java-crypt-impl,iu.crypt,JwsSignedPayload,0,103,0,8,0,31,0,11,0,7
IU Java Utilities API Reference/iu-java-crypt-impl,iu.crypt,UnsignedBigInteger,0,31,0,2,0,8,0,3,0,2
IU Java Utilities API Reference/iu-java-crypt-impl,iu.crypt,CryptJsonAdapters,0,144,0,9,0,29,0,24,0,16
IU Java Utilities API Reference/iu-java-crypt-impl,iu.crypt,CertificateReferenceBuilder,0,46,0,0,0,8,0,7,0,7
IU Java Utilities API Reference/iu-java-crypt-impl,iu.crypt,JweRecipient,0,541,0,38,0,102,0,33,0,14
IU Java Utilities API Reference/iu-java-crypt-impl,iu.crypt,JsonKeyReference,0,106,0,10,0,19,0,13,0,8
IU Java Utilities API Reference/iu-java-crypt-impl,iu.crypt,Jwk,0,1010,0,59,0,163,0,79,0,49
IU Java Utilities API Reference/iu-java-crypt-impl,iu.crypt,JweRecipientBuilder,0,96,0,6,0,23,0,10,0,7
IU Java Utilities API Reference/iu-java-crypt-impl,iu.crypt,Jose,0,354,0,38,0,67,0,40,0,21
IU Java Utilities API Reference/iu-java-crypt-impl,iu.crypt,JweRecipientBuilder.EncryptedKeyBuilder,0,397,0,10,0,77,0,18,0,11
IU Java Utilities API Reference/iu-java-crypt-impl,iu.crypt,CompactEncoded.new Iterator() {...},0,71,0,10,0,12,0,8,0,3
IU Java Utilities API Reference/iu-java-crypt-impl,iu.crypt,Jwt,0,298,0,20,0,61,0,33,0,23
IU Java Utilities API Reference/iu-java-crypt-impl,iu.crypt,Jws,0,608,0,68,0,125,0,54,0,18
IU Java Utilities API Reference/iu-java-crypt-impl,iu.crypt,JsonCertificateReference,0,198,0,18,0,35,0,24,0,15
IU Java Utilities API Reference/iu-java-crypt-impl,iu.crypt,JwsBuilder.PendingSignature,0,88,0,10,0,16,0,9,0,4
IU Java Utilities API Reference/iu-java-crypt-impl,iu.crypt,Jose.Extension,0,4,0,0,0,4,0,4,0,4
IU Java Utilities API Reference/iu-java-crypt-impl,iu.crypt,CryptSpi,0,129,0,4,0,27,0,21,0,19
IU Java Utilities API Reference/iu-java-crypt-impl,iu.crypt,JwsBuilder,0,470,0,24,0,96,0,35,0,22
IU Java Utilities API Reference/iu-java-crypt-impl,iu.crypt,JwtBuilder,0,100,0,6,0,21,0,15,0,12
IU Java Utilities API Reference/iu-java-crypt-impl,iu.crypt,KeyReferenceBuilder,0,16,0,0,0,4,0,3,0,3
IU Java Utilities API Reference/iu-java-crypt-impl,iu.crypt,JweBuilder,0,270,0,22,0,52,0,21,0,10
IU Java Utilities API Reference/iu-java-crypt-impl,iu.crypt,CompactEncoded,0,38,0,2,0,6,0,4,0,3
IU Java Utilities API Reference/iu-java-jdbc-pool,edu.iu.jdbc.pool,IuPooledConnection.new ThreadFactory() {...},0,26,0,0,0,4,0,2,0,2
IU Java Utilities API Reference/iu-java-jdbc-pool,edu.iu.jdbc.pool,IuCommonDataSource.new Object() {...},0,9,0,0,0,2,0,1,0,1
IU Java Utilities API Reference/iu-java-jdbc-pool,edu.iu.jdbc.pool,IuPooledConnection,0,816,2,48,0,181,2,69,0,46
IU Java Utilities API Reference/iu-java-jdbc-pool,edu.iu.jdbc.pool,IuPooledConnection.ConnectionHandler,0,236,0,18,0,44,0,15,0,6
IU Java Utilities API Reference/iu-java-jdbc-pool,edu.iu.jdbc.pool,IuPooledConnection.StatementKey,0,47,0,6,0,9,0,6,0,3
IU Java Utilities API Reference/iu-java-jdbc-pool,edu.iu.jdbc.pool,IuCommonDataSource,0,837,0,62,0,199,0,91,0,60
IU Java Utilities API Reference/iu-java-jdbc-pool,edu.iu.jdbc.pool,IuStatementHandler,0,91,0,6,0,22,0,8,0,5
IU Java Utilities API Reference/iu-java-type-api,edu.iu.type.spi,TypeImplementation,0,9,0,0,0,2,0,1,0,1
IU Java Utilities API Reference/iu-java-type-api,edu.iu.type,IuParameterizedElement,0,6,0,0,0,1,0,1,0,1
IU Java Utilities API Reference/iu-java-type-api,edu.iu.type,IuProperty,0,167,1,49,0,36,1,32,0,8
IU Java Utilities API Reference/iu-java-type-api,edu.iu.type,IuExecutableKey,0,320,0,38,0,72,0,29,0,10
IU Java Utilities API Reference/iu-java-type-api,edu.iu.type,IuType,0,404,0,66,0,87,0,53,0,20
IU Java Utilities API Reference/iu-java-type-api,edu.iu.type,IuTypeKey,0,477,0,56,0,95,0,42,0,14
IU Java Utilities API Reference/iu-java-type-api,edu.iu.type,IuReferenceKind,0,134,0,0,0,21,0,5,0,5
IU Java Utilities API Reference/iu-java-type-api,edu.iu.type,IuExecutable,0,6,0,0,0,1,0,1,0,1
IU Java Utilities API Reference/iu-java-type-api,edu.iu.type,IuTypeKey.Kind,0,33,0,0,0,6,0,1,0,1
IU Java Utilities API Reference/iu-java-type-api,edu.iu.type,IuComponentVersion.new IuComponentVersion() {...},0,93,0,14,0,16,0,15,0,8
IU Java Utilities API Reference/iu-java-type-api,edu.iu.type,IuAnnotatedElement,0,6,0,0,0,1,0,2,0,2
IU Java Utilities API Reference/iu-java-type-api,edu.iu.type,IuResourceKey,0,152,0,14,0,28,0,18,0,11
IU Java Utilities API Reference/iu-java-type-api,edu.iu.type,IuComponent.Kind,0,68,0,0,0,13,0,4,0,4
IU Java Utilities API Reference/iu-java-type-api,edu.iu.type,DefaultInterceptor.Scope,0,21,0,0,0,4,0,1,0,1
IU Java Utilities API Reference/iu-java-type-api,edu.iu.type,IuComponentVersion,0,157,0,32,0,46,0,20,0,4
IU Java Utilities API Reference/iu-java-type-api,edu.iu.type,IuComponent,0,101,0,2,0,15,0,9,0,8
IU Java Utilities API Reference/iu-java-type-base,edu.iu.type.base,FilteringClassLoader,0,62,0,14,0,18,0,9,0,2
IU Java Utilities API Reference/iu-java-type-base,edu.iu.type.base,TemporaryFile.new Object() {...},0,3,0,0,0,1,0,1,0,1
IU Java Utilities API Reference/iu-java-type-base,edu.iu.type.base,ModularClassLoader,0,748,0,86,0,157,0,68,0,25
IU Java Utilities API Reference/iu-java-type-base,edu.iu.type.base,CloseableModuleFinder.Ref,0,53,0,8,0,17,0,7,0,3
IU Java Utilities API Reference/iu-java-type-base,edu.iu.type.base,CloseableModuleFinder,0,109,0,12,0,23,0,10,0,4
IU Java Utilities API Reference/iu-java-type-base,edu.iu.type.base,ModularClassLoader.new AutoCloseable() {...},0,14,0,2,0,5,0,3,0,2
IU Java Utilities API Reference/iu-java-type-base,edu.iu.type.base,ModularClassLoader.new Enumeration() {...},0,18,0,0,0,3,0,3,0,3
IU Java Utilities API Reference/iu-java-type-base,edu.iu.type.base,TemporaryFile,0,321,1,29,0,78,1,30,0,16
IU Java Utilities API Reference/iu-java-type-base,edu.iu.type.base,ModularClassLoader.new Object() {...},0,6,0,0,0,1,0,1,0,1
IU Java Utilities API Reference/iu-java-type-base,edu.iu.type.base,ModularClassLoader.new BiPredicate() {...},0,14,0,0,0,4,0,2,0,2
IU Java Utilities API Reference/iu-java-type-base,edu.iu.type.base,ModularClassLoader.new ModularClassLoader() {...},0,38,0,0,0,3,0,4,0,4
IU Java Utilities API Reference/iu-java-type-impl,iu.type,ArchiveSource,0,252,0,30,0,62,0,24,0,9
IU Java Utilities API Reference/iu-java-type-impl,iu.type,ComponentResourceReference,0,253,0,36,0,54,0,29,0,11
IU Java Utilities API Reference/iu-java-type-impl,iu.type,TypeFactory.new Record() {...},0,9,0,0,0,1,0,1,0,1
IU Java Utilities API Reference/iu-java-type-impl,iu.type,PropertyFacade,0,204,0,10,0,41,0,19,0,14
IU Java Utilities API Reference/iu-java-type-impl,iu.type,ComponentResource,0,287,0,32,0,63,0,34,0,18
IU Java Utilities API Reference/iu-java-type-impl,iu.type,ParameterizedFacade,0,6,0,0,0,1,0,1,0,1
IU Java Utilities API Reference/iu-java-type-impl,iu.type,MethodFacade,0,117,0,12,0,22,0,14,0,8
IU Java Utilities API Reference/iu-java-type-impl,iu.type,AnnotationBridge,0,165,0,18,0,42,0,14,0,5
IU Java Utilities API Reference/iu-java-type-impl,iu.type,ParameterFacade,0,55,0,2,0,14,0,8,0,7
IU Java Utilities API Reference/iu-java-type-impl,iu.type,TypeFacade,0,189,0,0,0,42,0,33,0,33
IU Java Utilities API Reference/iu-java-type-impl,iu.type,ParameterizedElement,0,179,0,24,0,46,0,18,0,6
IU Java Utilities API Reference/iu-java-type-impl,iu.type,ElementBase,0,62,0,6,0,19,0,8,0,5
IU Java Utilities API Reference/iu-java-type-impl,iu.type,TypeFactory.new Object() {...},0,6,0,0,0,3,0,1,0,1
IU Java Utilities API Reference/iu-java-type-impl,iu.type,DeclaredElementBase,0,46,0,4,0,13,0,5,0,3
IU Java Utilities API Reference/iu-java-type-impl,iu.type,ComponentModuleFinder,0,109,0,12,0,23,0,10,0,4
IU Java Utilities API Reference/iu-java-type-impl,iu.type,TypeTemplate,0,977,1,115,0,191,1,108,0,51
IU Java Utilities API Reference/iu-java-type-impl,iu.type,ComponentFactory,0,386,0,40,0,72,0,30,0,10
IU Java Utilities API Reference/iu-java-type-impl,iu.type,ComponentArchive.ScannedAttributes,0,21,0,0,0,1,0,1,0,1
IU Java Utilities API Reference/iu-java-type-impl,iu.type,ComponentModuleFinder.Ref,0,53,0,8,0,17,0,7,0,3
IU Java Utilities API Reference/iu-java-type-impl,iu.type,ComponentVersion,0,533,2,72,0,108,2,50,0,15
IU Java Utilities API Reference/iu-java-type-impl,iu.type,ComponentTarget,0,57,0,2,0,13,0,4,0,3
IU Java Utilities API Reference/iu-java-type-impl,iu.type,ComponentArchive,0,658,0,128,0,148,0,71,0,7
IU Java Utilities API Reference/iu-java-type-impl,iu.type,ComponentEntry,0,116,0,14,0,30,0,15,0,8
IU Java Utilities API Reference/iu-java-type-impl,iu.type,ExecutableBase,0,201,0,14,0,46,0,15,0,8
IU Java Utilities API Reference/iu-java-type-impl,iu.type,TypeUtils,0,209,0,30,0,54,0,21,0,6
IU Java Utilities API Reference/iu-java-type-impl,iu.type,TypeFactory,0,496,0,60,0,112,0,40,0,10
IU Java Utilities API Reference/iu-java-type-impl,iu.type,FieldFacade,0,119,0,10,0,21,0,14,0,9
IU Java Utilities API Reference/iu-java-type-impl,iu.type,BackwardsCompatibility,0,48,0,4,0,14,0,4,0,2
IU Java Utilities API Reference/iu-java-type-impl,iu.type,Component,0,851,0,80,0,184,0,66,0,26
IU Java Utilities API Reference/iu-java-type-impl,iu.type,TypeSpi,0,21,0,0,0,5,0,4,0,4
IU Java Utilities API Reference/iu-java-type-impl,iu.type,PathEntryScanner,0,180,1,25,0,36,1,16,0,4
IU Java Utilities API Reference/iu-java-type-impl,iu.type,TypeFacade.new Runnable() {...},0,96,0,4,0,18,0,6,0,4
IU Java Utilities API Reference/iu-java-type-impl,iu.type,TypeReference,0,291,0,32,0,62,0,28,0,12
IU Java Utilities API Reference/iu-java-type-impl,iu.type,AnnotatedElementBase,0,79,0,10,0,23,0,11,0,6
IU Java Utilities API Reference/iu-java-type-impl,iu.type,PotentiallyRemoteAnnotationHandler,0,260,0,32,0,43,0,26,0,10
IU Java Utilities API Reference/iu-java-type-impl,iu.type,ConstructorFacade,0,66,2,6,0,13,2,6,0,4
IU Java Utilities API Reference/iu-java-type,jakarta.annotation,Resource.AuthenticationType,0,15,0,0,0,3,0,1,0,1
IU Java Utilities API Reference/iu-java-type,jakarta.interceptor,InvocationContext,51,0,8,0,12,0,7,0,3,0
IU Java Utilities API Reference/iu-java-type,edu.iu.type.bundle,IuTypeBundle,0,7,0,0,0,4,0,2,0,2
IU Java Utilities API Reference/iu-java-type,iu.type.bundle,TypeBundleSpi,0,168,0,12,0,36,0,18,0,12
IU Java Utilities API Reference/iu-java-type,iu.type,ParameterizedFacade,0,6,0,0,0,1,0,1,0,1
IU Java Utilities API Reference/iu-java-type,iu.type,TypeFacade,0,189,0,0,0,42,0,33,0,33
IU Java Utilities API Reference/iu-java-type,iu.type,ParameterizedElement,0,179,0,24,0,46,0,18,0,6
IU Java Utilities API Reference/iu-java-type,iu.type,ElementBase,0,62,0,6,0,19,0,8,0,5
IU Java Utilities API Reference/iu-java-type,iu.type,ComponentModuleFinder,0,109,0,12,0,23,0,10,0,4
IU Java Utilities API Reference/iu-java-type,iu.type,TypeTemplate,0,977,1,115,0,191,1,108,0,51
IU Java Utilities API Reference/iu-java-type,iu.type,ComponentFactory,0,386,0,40,0,72,0,30,0,10
IU Java Utilities API Reference/iu-java-type,iu.type,ComponentArchive.ScannedAttributes,0,21,0,0,0,1,0,1,0,1
IU Java Utilities API Reference/iu-java-type,iu.type,ComponentModuleFinder.Ref,0,53,0,8,0,17,0,7,0,3
IU Java Utilities API Reference/iu-java-type,iu.type,ComponentVersion,0,533,2,72,0,108,2,50,0,15
IU Java Utilities API Reference/iu-java-type,iu.type,ComponentTarget,0,57,0,2,0,13,0,4,0,3
IU Java Utilities API Reference/iu-java-type,iu.type,FieldFacade,0,119,0,10,0,21,0,14,0,9
IU Java Utilities API Reference/iu-java-type,iu.type,BackwardsCompatibility,0,48,0,4,0,14,0,4,0,2
IU Java Utilities API Reference/iu-java-type,iu.type,AnnotatedElementBase,0,79,0,10,0,23,0,11,0,6
IU Java Utilities API Reference/iu-java-type,iu.type,ConstructorFacade,0,66,2,6,0,13,2,6,0,4
IU Java Utilities API Reference/iu-java-type,iu.type,ArchiveSource,0,252,0,30,0,62,0,24,0,9
IU Java Utilities API Reference/iu-java-type,iu.type,ComponentResourceReference,0,253,0,36,0,54,0,29,0,11
IU Java Utilities API Reference/iu-java-type,iu.type,TypeFactory.new Record() {...},0,9,0,0,0,1,0,1,0,1
IU Java Utilities API Reference/iu-java-type,iu.type,PropertyFacade,0,204,0,10,0,41,0,19,0,14
IU Java Utilities API Reference/iu-java-type,iu.type,ComponentResource,0,287,0,32,0,63,0,34,0,18
IU Java Utilities API Reference/iu-java-type,iu.type,MethodFacade,0,117,0,12,0,22,0,14,0,8
IU Java Utilities API Reference/iu-java-type,iu.type,AnnotationBridge,0,165,0,18,0,42,0,14,0,5
IU Java Utilities API Reference/iu-java-type,iu.type,ParameterFacade,0,55,0,2,0,14,0,8,0,7
IU Java Utilities API Reference/iu-java-type,iu.type,TypeFactory.new Object() {...},0,6,0,0,0,3,0,1,0,1
IU Java Utilities API Reference/iu-java-type,iu.type,DeclaredElementBase,0,46,0,4,0,13,0,5,0,3
IU Java Utilities API Reference/iu-java-type,iu.type,ComponentArchive,0,658,0,128,0,148,0,71,0,7
IU Java Utilities API Reference/iu-java-type,iu.type,ComponentEntry,0,116,0,14,0,30,0,15,0,8
IU Java Utilities API Reference/iu-java-type,iu.type,ExecutableBase,0,201,0,14,0,46,0,15,0,8
IU Java Utilities API Reference/iu-java-type,iu.type,TypeUtils,0,209,0,30,0,54,0,21,0,6
IU Java Utilities API Reference/iu-java-type,iu.type,TypeFactory,0,496,0,60,0,112,0,40,0,10
IU Java Utilities API Reference/iu-java-type,iu.type,Component,0,851,0,80,0,184,0,66,0,26
IU Java Utilities API Reference/iu-java-type,iu.type,TypeSpi,0,21,0,0,0,5,0,4,0,4
IU Java Utilities API Reference/iu-java-type,iu.type,PathEntryScanner,0,180,1,25,0,36,1,16,0,4
IU Java Utilities API Reference/iu-java-type,iu.type,TypeFacade.new Runnable() {...},0,96,0,4,0,18,0,6,0,4
IU Java Utilities API Reference/iu-java-type,iu.type,TypeReference,0,291,0,32,0,62,0,28,0,12
IU Java Utilities API Reference/iu-java-type,iu.type,PotentiallyRemoteAnnotationHandler,0,260,0,32,0,43,0,26,0,10
IU Java Utilities API Reference/iu-java-type-loader,edu.iu.type.spi,TypeImplementation,0,9,0,0,0,2,0,1,0,1
IU Java Utilities API Reference/iu-java-type-loader,jakarta.annotation,Resource.AuthenticationType,0,15,0,0,0,3,0,1,0,1
IU Java Utilities API Reference/iu-java-type-loader,edu.iu.type.loader,IuComponentLoader,0,172,0,10,0,34,0,17,0,12
IU Java Utilities API Reference/iu-java-type-loader,jakarta.interceptor,InvocationContext,51,0,8,0,12,0,7,0,3,0
IU Java Utilities API Reference/iu-java-type-loader,edu.iu.type.bundle,IuTypeBundle,0,7,0,0,0,4,0,2,0,2
IU Java Utilities API Reference/iu-java-type-loader,iu.type.loader,LoadedComponent,0,124,0,6,0,19,0,8,0,5
IU Java Utilities API Reference/iu-java-type-loader,iu.type.bundle,TypeBundleSpi,0,168,0,12,0,36,0,18,0,12
IU Java Utilities API Reference/iu-java-type-loader,edu.iu.type,IuParameterizedElement,0,6,0,0,0,1,0,1,0,1
IU Java Utilities API Reference/iu-java-type-loader,edu.iu.type,IuTypeKey,0,477,0,56,0,95,0,42,0,14
IU Java Utilities API Reference/iu-java-type-loader,edu.iu.type,IuTypeKey.Kind,0,33,0,0,0,6,0,1,0,1
IU Java Utilities API Reference/iu-java-type-loader,edu.iu.type,DefaultInterceptor.Scope,0,21,0,0,0,4,0,1,0,1
IU Java Utilities API Reference/iu-java-type-loader,edu.iu.type,IuReferenceKind,0,134,0,0,0,21,0,5,0,5
IU Java Utilities API Reference/iu-java-type-loader,edu.iu.type,IuResourceKey,0,152,0,14,0,28,0,18,0,11
IU Java Utilities API Reference/iu-java-type-loader,edu.iu.type,IuComponent,0,101,0,2,0,15,0,9,0,8
IU Java Utilities API Reference/iu-java-type-loader,edu.iu.type,IuComponentVersion.new IuComponentVersion() {...},0,93,0,14,0,16,0,15,0,8
IU Java Utilities API Reference/iu-java-type-loader,edu.iu.type,IuAnnotatedElement,0,6,0,0,0,1,0,2,0,2
IU Java Utilities API Reference/iu-java-type-loader,edu.iu.type,IuComponentVersion,0,157,0,32,0,46,0,20,0,4
IU Java Utilities API Reference/iu-java-type-loader,edu.iu.type,IuProperty,0,167,1,49,0,36,1,32,0,8
IU Java Utilities API Reference/iu-java-type-loader,edu.iu.type,IuExecutableKey,0,320,0,38,0,72,0,29,0,10
IU Java Utilities API Reference/iu-java-type-loader,edu.iu.type,IuType,0,404,0,66,0,87,0,53,0,20
IU Java Utilities API Reference/iu-java-type-loader,edu.iu.type,IuExecutable,0,6,0,0,0,1,0,1,0,1
IU Java Utilities API Reference/iu-java-type-loader,edu.iu.type,IuComponent.Kind,0,68,0,0,0,13,0,4,0,4
IU Java Utilities API Reference/iu-java-type-loader,iu.type,TypeFacade,0,189,0,0,0,42,0,33,0,33
IU Java Utilities API Reference/iu-java-type-loader,iu.type,ComponentFactory,0,386,0,40,0,72,0,30,0,10
IU Java Utilities API Reference/iu-java-type-loader,iu.type,ComponentVersion,0,533,2,72,0,108,2,50,0,15
IU Java Utilities API Reference/iu-java-type-loader,iu.type,ComponentTarget,0,57,0,2,0,13,0,4,0,3
IU Java Utilities API Reference/iu-java-type-loader,iu.type,FieldFacade,0,119,0,10,0,21,0,14,0,9
IU Java Utilities API Reference/iu-java-type-loader,iu.type,AnnotatedElementBase,0,79,0,10,0,23,0,11,0,6
IU Java Utilities API Reference/iu-java-type-loader,iu.type,TypeFactory.new Record() {...},0,9,0,0,0,1,0,1,0,1
IU Java Utilities API Reference/iu-java-type-loader,iu.type,ComponentResource,0,287,0,32,0,63,0,34,0,18
IU Java Utilities API Reference/iu-java-type-loader,iu.type,MethodFacade,0,117,0,12,0,22,0,14,0,8
IU Java Utilities API Reference/iu-java-type-loader,iu.type,ParameterFacade,0,55,0,2,0,14,0,8,0,7
IU Java Utilities API Reference/iu-java-type-loader,iu.type,TypeUtils,0,209,0,30,0,54,0,21,0,6
IU Java Utilities API Reference/iu-java-type-loader,iu.type,PathEntryScanner,0,180,1,25,0,36,1,16,0,4
IU Java Utilities API Reference/iu-java-type-loader,iu.type,TypeReference,0,291,0,32,0,62,0,28,0,12
IU Java Utilities API Reference/iu-java-type-loader,iu.type,ParameterizedFacade,0,6,0,0,0,1,0,1,0,1
IU Java Utilities API Reference/iu-java-type-loader,iu.type,ParameterizedElement,0,179,0,24,0,46,0,18,0,6
IU Java Utilities API Reference/iu-java-type-loader,iu.type,ElementBase,0,62,0,6,0,19,0,8,0,5
IU Java Utilities API Reference/iu-java-type-loader,iu.type,ComponentModuleFinder,0,109,0,12,0,23,0,10,0,4
IU Java Utilities API Reference/iu-java-type-loader,iu.type,TypeTemplate,0,977,1,115,0,191,1,108,0,51
IU Java Utilities API Reference/iu-java-type-loader,iu.type,ComponentArchive.ScannedAttributes,0,21,0,0,0,1,0,1,0,1
IU Java Utilities API Reference/iu-java-type-loader,iu.type,ComponentModuleFinder.Ref,0,53,0,8,0,17,0,7,0,3
IU Java Utilities API Reference/iu-java-type-loader,iu.type,BackwardsCompatibility,0,48,0,4,0,14,0,4,0,2
IU Java Utilities API Reference/iu-java-type-loader,iu.type,ConstructorFacade,0,66,2,6,0,13,2,6,0,4
IU Java Utilities API Reference/iu-java-type-loader,iu.type,ArchiveSource,0,252,0,30,0,62,0,24,0,9
IU Java Utilities API Reference/iu-java-type-loader,iu.type,ComponentResourceReference,0,253,0,36,0,54,0,29,0,11
IU Java Utilities API Reference/iu-java-type-loader,iu.type,PropertyFacade,0,204,0,10,0,41,0,19,0,14
IU Java Utilities API Reference/iu-java-type-loader,iu.type,AnnotationBridge,0,165,0,18,0,42,0,14,0,5
IU Java Utilities API Reference/iu-java-type-loader,iu.type,TypeFactory.new Object() {...},0,6,0,0,0,3,0,1,0,1
IU Java Utilities API Reference/iu-java-type-loader,iu.type,DeclaredElementBase,0,46,0,4,0,13,0,5,0,3
IU Java Utilities API Reference/iu-java-type-loader,iu.type,ComponentArchive,0,658,0,128,0,148,0,71,0,7
IU Java Utilities API Reference/iu-java-type-loader,iu.type,ComponentEntry,0,116,0,14,0,30,0,15,0,8
IU Java Utilities API Reference/iu-java-type-loader,iu.type,ExecutableBase,0,201,0,14,0,46,0,15,0,8
IU Java Utilities API Reference/iu-java-type-loader,iu.type,TypeFactory,0,496,0,60,0,112,0,40,0,10
IU Java Utilities API Reference/iu-java-type-loader,iu.type,Component,0,851,0,80,0,184,0,66,0,26
IU Java Utilities API Reference/iu-java-type-loader,iu.type,TypeSpi,0,21,0,0,0,5,0,4,0,4
IU Java Utilities API Reference/iu-java-type-loader,iu.type,TypeFacade.new Runnable() {...},0,96,0,4,0,18,0,6,0,4
IU Java Utilities API Reference/iu-java-type-loader,iu.type,PotentiallyRemoteAnnotationHandler,0,260,0,32,0,43,0,26,0,10
IU Java Utilities API Reference/iu-java-auth-api,edu.iu.auth.saml,IuSamlSessionVerifier,0,6,0,0,0,1,0,1,0,1
IU Java Utilities API Reference/iu-java-auth-api,edu.iu.auth.spi,IuAuthConfigSpi,0,4,0,0,0,1,0,1,0,1
IU Java Utilities API Reference/iu-java-auth-api,edu.iu.auth,IuAuthenticationException,0,19,0,0,0,8,0,5,0,5
IU Java Utilities API Reference/iu-java-auth-api,edu.iu.auth,IuOneTimeNumber,0,6,0,0,0,1,0,1,0,1
IU Java Utilities API Reference/iu-java-auth-api,edu.iu.auth,IuPrincipalIdentity,0,19,0,4,0,2,0,4,0,2
IU Java Utilities API Reference/iu-java-auth-api,iu.auth,IuAuthSpiFactory,0,54,0,4,0,12,0,4,0,2
IU Java Utilities API Reference/iu-java-auth-api,edu.iu.auth.session,IuSession,0,2,0,0,0,1,0,1,0,1
IU Java Utilities API Reference/iu-java-auth-api,edu.iu.auth.nonce,IuOneTimeNumberConfig,0,7,0,0,0,4,0,4,0,4
IU Java Utilities API Reference/iu-java-auth-config,edu.iu.auth.config,IuAuthorizationClient.AuthMethod,0,96,0,0,0,18,0,5,0,5
IU Java Utilities API Reference/iu-java-auth-config,edu.iu.auth.config,IuAuthenticationRealm.Type,0,135,0,4,0,16,0,8,0,6
IU Java Utilities API Reference/iu-java-auth-config,edu.iu.auth.config,IuSessionConfiguration,0,6,0,0,0,2,0,2,0,2
IU Java Utilities API Reference/iu-java-auth-config,edu.iu.auth.config,IuAuthorizationClient.GrantType,0,65,0,0,0,11,0,5,0,5
IU Java Utilities API Reference/iu-java-auth-config,edu.iu.auth.config,X500Utils,0,693,0,136,0,121,0,84,0,16
IU Java Utilities API Reference/iu-java-auth-config,edu.iu.auth.config,IuOpenIdProviderMetadata,0,2,0,0,0,1,0,1,0,1
IU Java Utilities API Reference/iu-java-auth-config,edu.iu.auth.config,IuBasicAuthCredentials,0,13,0,0,0,3,0,1,0,1
IU Java Utilities API Reference/iu-java-auth-config,edu.iu.auth.config,IuSamlServiceProviderMetadata,0,12,0,0,0,5,0,5,0,5
IU Java Utilities API Reference/iu-java-auth-config,edu.iu.auth.config,IuAuthenticationRealm,0,5,0,0,0,2,0,1,0,1
IU Java Utilities API Reference/iu-java-auth-config,iu.auth.config,AuthConfig,0,293,0,22,0,69,0,29,0,18
IU Java Utilities API Reference/iu-java-auth-config,iu.auth.config,AuthConfig.new Object() {...},0,86,0,6,0,13,0,7,0,4
IU Java Utilities API Reference/iu-java-auth-config,iu.auth.config,AuthConfig.StorageConfig,0,15,0,0,0,6,0,1,0,1
IU Java Utilities API Reference/iu-java-auth-principal,iu.auth.principal,PrincipalVerifierRegistry,0,21,0,0,0,8,0,3,0,3
IU Java Utilities API Reference/iu-java-auth-pki,iu.auth.pki,PkiPrincipal,0,408,0,42,0,86,0,31,0,10
IU Java Utilities API Reference/iu-java-auth-pki,iu.auth.pki,CaVerifier,0,297,0,18,0,61,0,24,0,15
IU Java Utilities API Reference/iu-java-auth-pki,iu.auth.pki,KeyUsage,0,172,0,41,0,45,0,28,0,6
IU Java Utilities API Reference/iu-java-auth-pki,iu.auth.pki,PkiVerifier,0,371,0,34,0,82,0,33,0,16
IU Java Utilities API Reference/iu-java-auth-session,iu.auth.session,SessionToken,0,17,0,0,0,6,0,1,0,1
IU Java Utilities API Reference/iu-java-auth-session,iu.auth.session,Session,0,262,0,12,0,54,0,20,0,14
IU Java Utilities API Reference/iu-java-auth-session,iu.auth.session,SessionHandler,0,266,0,24,0,65,0,20,0,8
IU Java Utilities API Reference/iu-java-auth-session,iu.auth.session,SessionJwt,0,23,0,0,0,5,0,3,0,3
IU Java Utilities API Reference/iu-java-auth-session,iu.auth.session,SessionJwtBuilder,0,20,0,0,0,7,0,4,0,4
IU Java Utilities API Reference/iu-java-auth-session,iu.auth.session,SessionDetail,0,164,0,24,0,34,0,15,0,3
IU Java Utilities API Reference/iu-java-auth-session,iu.auth.session,SessionHandler.PurgeTask,0,23,0,4,0,8,0,4,0,2
IU Java Utilities API Reference/iu-java-auth-session,iu.auth.session,SessionAdapterFactory,0,34,0,6,0,9,0,5,0,2
IU Java Utilities API Reference/iu-java-logging,edu.iu.auth.spi,IuAuthConfigSpi,0,4,0,0,0,1,0,1,0,1
IU Java Utilities API Reference/iu-java-logging,edu.iu.auth.session,IuSession,0,2,0,0,0,1,0,1,0,1
IU Java Utilities API Reference/iu-java-logging,iu.logging.boot,IuLogManager,0,113,0,14,0,42,0,20,0,13
IU Java Utilities API Reference/iu-java-logging,iu.logging.boot,IuLoggingBootstrap,0,355,0,14,0,67,0,29,0,22
IU Java Utilities API Reference/iu-java-logging,edu.iu.auth.config,IuOpenIdProviderMetadata,0,2,0,0,0,1,0,1,0,1
IU Java Utilities API Reference/iu-java-logging,edu.iu.auth.config,IuSamlServiceProviderMetadata,0,12,0,0,0,5,0,5,0,5
IU Java Utilities API Reference/iu-java-logging,edu.iu.auth.config,IuAuthorizationClient.AuthMethod,0,96,0,0,0,18,0,5,0,5
IU Java Utilities API Reference/iu-java-logging,edu.iu.auth.config,IuAuthorizationClient.GrantType,0,65,0,0,0,11,0,5,0,5
IU Java Utilities API Reference/iu-java-logging,edu.iu.auth.config,X500Utils,0,693,0,136,0,121,0,84,0,16
IU Java Utilities API Reference/iu-java-logging,edu.iu.auth.config,IuSessionConfiguration,0,6,0,0,0,2,0,2,0,2
IU Java Utilities API Reference/iu-java-logging,edu.iu.auth.config,IuBasicAuthCredentials,0,13,0,0,0,3,0,1,0,1
IU Java Utilities API Reference/iu-java-logging,edu.iu.auth.config,IuAuthenticationRealm,0,5,0,0,0,2,0,1,0,1
IU Java Utilities API Reference/iu-java-logging,edu.iu.auth.config,IuAuthenticationRealm.Type,0,135,0,4,0,16,0,8,0,6
IU Java Utilities API Reference/iu-java-logging,iu.auth.pki,PkiPrincipal,0,408,0,42,0,86,0,31,0,10
IU Java Utilities API Reference/iu-java-logging,iu.auth.pki,CaVerifier,0,297,0,18,0,61,0,24,0,15
IU Java Utilities API Reference/iu-java-logging,iu.auth.pki,KeyUsage,0,172,0,41,0,45,0,28,0,6
IU Java Utilities API Reference/iu-java-logging,iu.auth.pki,PkiVerifier,0,371,0,34,0,82,0,33,0,16
IU Java Utilities API Reference/iu-java-logging,iu.auth.config,AuthConfig.new Object() {...},0,86,0,6,0,13,0,7,0,4
IU Java Utilities API Reference/iu-java-logging,iu.auth.config,AuthConfig.StorageConfig,0,15,0,0,0,6,0,1,0,1
IU Java Utilities API Reference/iu-java-logging,iu.auth.config,AuthConfig,0,293,0,22,0,69,0,29,0,18
IU Java Utilities API Reference/iu-java-logging,iu.logging,Bootstrap,257,0,26,0,59,0,26,0,13,0
IU Java Utilities API Reference/iu-java-logging,jakarta.json,EmptyObject,50,3,0,0,14,1,14,1,14,1
IU Java Utilities API Reference/iu-java-logging,jakarta.json,JsonObjectBuilder,8,0,0,0,2,0,2,0,2,0
IU Java Utilities API Reference/iu-java-logging,jakarta.json,JsonConfig.KeyStrategy,0,34,0,0,0,4,0,1,0,1
IU Java Utilities API Reference/iu-java-logging,jakarta.json,Json,143,4,0,0,34,1,34,1,34,1
IU Java Utilities API Reference/iu-java-logging,jakarta.json,JsonArrayBuilder,98,0,0,0,24,0,24,0,24,0
IU Java Utilities API Reference/iu-java-logging,jakarta.json,JsonReader,4,0,0,0,1,0,1,0,1,0
IU Java Utilities API Reference/iu-java-logging,jakarta.json,JsonException,9,0,0,0,4,0,2,0,2,0
IU Java Utilities API Reference/iu-java-logging,jakarta.json,JsonStructure,5,0,0,0,1,0,1,0,1,0
IU Java Utilities API Reference/iu-java-logging,jakarta.json,JsonNumber,4,0,0,0,1,0,1,0,1,0
IU Java Utilities API Reference/iu-java-logging,jakarta.json,JsonWriter,4,0,0,0,1,0,1,0,1,0
IU Java Utilities API Reference/iu-java-logging,jakarta.json,EmptyArray,74,3,4,0,16,1,18,1,16,1
IU Java Utilities API Reference/iu-java-logging,jakarta.json,JsonValue.ValueType,0,74,0,0,0,8,0,1,0,1
IU Java Utilities API Reference/iu-java-logging,jakarta.json,JsonPatch.Operation,116,0,4,0,15,0,6,0,4,0
IU Java Utilities API Reference/iu-java-logging,jakarta.json,JsonValueImpl,4,31,0,4,1,10,1,6,1,4
IU Java Utilities API Reference/iu-java-logging,jakarta.json,JsonArray,10,0,0,0,2,0,1,0,1,0
IU Java Utilities API Reference/iu-java-logging,jakarta.json,JsonValue,10,24,0,0,2,5,2,1,2,1
IU Java Utilities API Reference/iu-java-logging,jakarta.json,JsonBuilderFactory,16,0,0,0,4,0,4,0,4,0
IU Java Utilities API Reference/iu-java-logging,iu.client,BasicJsonAdapter,0,229,0,44,0,56,0,26,0,4
IU Java Utilities API Reference/iu-java-logging,iu.client,EnumerationAdapter,0,13,0,0,0,4,0,3,0,3
IU Java Utilities API Reference/iu-java-logging,iu.client,Vault,0,808,1,65,0,164,1,69,0,37
IU Java Utilities API Reference/iu-java-logging,iu.client,DateJsonAdapter,0,83,0,8,0,21,0,8,0,4
IU Java Utilities API Reference/iu-java-logging,iu.client,CollectionAdapter,0,24,0,0,0,7,0,3,0,3
IU Java Utilities API Reference/iu-java-logging,iu.client,JsonSerializer,0,144,0,19,0,32,0,16,0,6
IU Java Utilities API Reference/iu-java-logging,iu.client,NumberAdapter,0,182,0,8,0,27,0,14,0,10
IU Java Utilities API Reference/iu-java-logging,iu.client,JsonProxy,0,275,0,34,0,61,0,24,0,7
IU Java Utilities API Reference/iu-java-logging,iu.client,EnumerationAdapter.new Enumeration() {...},0,22,0,0,0,4,0,3,0,3
IU Java Utilities API Reference/iu-java-logging,iu.client,Vault.new Object() {...},0,6,0,0,0,1,0,1,0,1
IU Java Utilities API Reference/iu-java-logging,iu.client,ArrayAdapter,0,19,0,0,0,5,0,3,0,3
IU Java Utilities API Reference/iu-java-logging,iu.client,IteratorAdapter,0,9,0,0,0,4,0,3,0,3
IU Java Utilities API Reference/iu-java-logging,iu.client,CalendarJsonAdapter,0,32,0,4,0,10,0,5,0,3
IU Java Utilities API Reference/iu-java-logging,iu.client,JsonAdapters,0,641,0,172,0,157,0,95,0,9
IU Java Utilities API Reference/iu-java-logging,iu.client,TextJsonAdapter,0,51,0,12,0,14,0,10,0,4
IU Java Utilities API Reference/iu-java-logging,iu.client,BooleanJsonAdapter,0,70,0,18,0,15,0,13,0,4
IU Java Utilities API Reference/iu-java-logging,iu.client,VaultKeyedValue,0,95,0,10,0,19,0,13,0,8
IU Java Utilities API Reference/iu-java-logging,iu.client,TimeZoneJsonAdapter,0,40,0,4,0,10,0,5,0,3
IU Java Utilities API Reference/iu-java-logging,iu.client,JsonObjectAdapter,0,104,0,10,0,20,0,10,0,5
IU Java Utilities API Reference/iu-java-logging,iu.client,OptionalJsonAdapter,0,29,0,2,0,8,0,5,0,4
IU Java Utilities API Reference/iu-java-logging,iu.client,StreamAdapter,0,16,0,0,0,4,0,3,0,3
IU Java Utilities API Reference/iu-java-logging,iu.client,JsonArrayAdapter,0,61,0,8,0,15,0,8,0,4
IU Java Utilities API Reference/iu-java-logging,iu.client,BinaryJsonAdapter,0,27,0,4,0,9,0,5,0,3
IU Java Utilities API Reference/iu-java-logging,iu.client,IterableAdapter,0,9,0,0,0,4,0,3,0,3
IU Java Utilities API Reference/iu-java-logging,iu.client,VaultSecret,0,121,0,4,0,27,0,12,0,10
IU Java Utilities API Reference/iu-java-logging,iu.client,ParsingJsonAdapter,0,66,0,6,0,19,0,8,0,5
IU Java Utilities API Reference/iu-java-logging,edu.iu.client,IuHttp,0,381,0,26,0,74,0,35,0,22
IU Java Utilities API Reference/iu-java-logging,edu.iu.client,HttpException,0,25,0,0,0,10,0,4,0,4
IU Java Utilities API Reference/iu-java-logging,edu.iu.client,IuVault,0,11,0,0,0,3,0,3,0,3
IU Java Utilities API Reference/iu-java-logging,edu.iu.client,IuJsonPropertyNameFormat,0,21,0,0,0,4,0,1,0,1
IU Java Utilities API Reference/iu-java-logging,edu.iu.client,IuJsonAdapter.new IuJsonAdapter() {...},0,20,0,0,0,3,0,3,0,3
IU Java Utilities API Reference/iu-java-logging,edu.iu.client,IuJsonAdapter.new IuJsonAdapter() {...},0,15,0,0,0,3,0,3,0,3
IU Java Utilities API Reference/iu-java-logging,edu.iu.client,IuJsonAdapter.new IuJsonAdapter() {...},0,16,0,0,0,3,0,3,0,3
IU Java Utilities API Reference/iu-java-logging,edu.iu.client,IuJsonBuilder,0,98,0,2,0,16,0,12,0,11
IU Java Utilities API Reference/iu-java-logging,edu.iu.client,IuJson,0,234,0,16,0,61,0,45,0,37
IU Java Utilities API Reference/iu-java-logging,edu.iu.client,IuJsonAdapter,0,70,0,0,0,12,0,14,0,14
IU Java Utilities API Reference/iu-java-logging,iu.auth.principal,PrincipalVerifierRegistry,0,21,0,0,0,8,0,3,0,3
IU Java Utilities API Reference/iu-java-logging,iu.logging.internal,IuLoggingProxy,61,0,8,0,13,0,7,0,3,0
IU Java Utilities API Reference/iu-java-logging,iu.logging.internal,IuLogEvent.new Formatter() {...},7,0,0,0,2,0,2,0,2,0
IU Java Utilities API Reference/iu-java-logging,iu.logging.internal,IuLogHandler.LogFilePublishers,116,0,0,0,15,0,5,0,5,0
IU Java Utilities API Reference/iu-java-logging,iu.logging.internal,LogFilePublisher,304,0,24,0,62,0,21,0,9,0
IU Java Utilities API Reference/iu-java-logging,iu.logging.internal,ProcessLogger.new ThreadLocal() {...},8,0,0,0,2,0,2,0,2,0
IU Java Utilities API Reference/iu-java-logging,iu.logging.internal,ProcessLogger.new ThreadLocal() {...},8,0,0,0,2,0,2,0,2,0
IU Java Utilities API Reference/iu-java-logging,iu.logging.internal,IuLogHandler.FilePublisherKey,62,0,8,0,12,0,7,0,3,0
IU Java Utilities API Reference/iu-java-logging,iu.logging.internal,ProcessLogger,365,0,24,0,78,0,24,0,12,0
IU Java Utilities API Reference/iu-java-logging,iu.logging.internal,IuLogEvent,481,0,16,0,122,0,35,0,27,0
IU Java Utilities API Reference/iu-java-logging,iu.logging.internal,IuLogHandler,701,0,52,0,147,0,63,0,37,0
IU Java Utilities API Reference/iu-java-logging,iu.logging.internal,ProcessLogger.ProcessState,327,0,20,0,69,0,13,0,3,0
IU Java Utilities API Reference/iu-java-logging,iu.logging.internal,ProcessLogger.TracedMessage,138,0,10,0,32,0,8,0,3,0
IU Java Utilities API Reference/iu-java-logging,iu.logging.internal,LogEnvironmentImpl,219,0,12,0,54,0,20,0,14,0
IU Java Utilities API Reference/iu-java-logging,jakarta.json.stream,JsonParsingException,18,0,0,0,7,0,3,0,3,0
IU Java Utilities API Reference/iu-java-logging,jakarta.json.stream,JsonParser.Event,0,104,0,0,0,11,0,1,0,1
IU Java Utilities API Reference/iu-java-logging,jakarta.json.stream,JsonGenerationException,9,0,0,0,4,0,2,0,2,0
IU Java Utilities API Reference/iu-java-logging,jakarta.json.stream,JsonCollectors,134,0,2,0,25,0,13,0,12,0
IU Java Utilities API Reference/iu-java-logging,jakarta.json.stream,JsonParser,36,0,0,0,9,0,9,0,9,0
IU Java Utilities API Reference/iu-java-logging,edu.iu.auth,IuPrincipalIdentity,0,19,0,4,0,2,0,4,0,2
IU Java Utilities API Reference/iu-java-logging,edu.iu.auth,IuOneTimeNumber,0,6,0,0,0,1,0,1,0,1
IU Java Utilities API Reference/iu-java-logging,edu.iu.auth,IuAuthenticationException,0,19,0,0,0,8,0,5,0,5
IU Java Utilities API Reference/iu-java-logging,edu.iu.auth.saml,IuSamlSessionVerifier,0,6,0,0,0,1,0,1,0,1
IU Java Utilities API Reference/iu-java-logging,iu.auth,IuAuthSpiFactory,0,54,0,4,0,12,0,4,0,2
IU Java Utilities API Reference/iu-java-logging,jakarta.annotation,Resource.AuthenticationType,0,15,0,0,0,3,0,1,0,1
IU Java Utilities API Reference/iu-java-logging,edu.iu.logging,IuLogContext,0,17,0,0,0,5,0,3,0,3
IU Java Utilities API Reference/iu-java-logging,edu.iu.logging,IuLogEvent,0,2,0,0,0,1,0,1,0,1
IU Java Utilities API Reference/iu-java-logging,edu.iu.auth.nonce,IuOneTimeNumberConfig,0,7,0,0,0,4,0,4,0,4
IU Java Utilities API Reference/iu-java-logging,iu.crypt.init,CryptImplResource,0,4,0,0,0,3,0,1,0,1
IU Java Utilities API Reference/iu-java-logging,jakarta.json.spi,JsonProvider,294,46,23,3,67,15,36,3,23,3
IU Java Utilities API Reference/iu-java-logging,edu.iu.crypt,WebCertificateReference,0,80,0,16,0,23,0,13,0,5
IU Java Utilities API Reference/iu-java-logging,edu.iu.crypt,WebEncryption.Encryption,0,94,0,0,0,14,0,4,0,4
IU Java Utilities API Reference/iu-java-logging,edu.iu.crypt,WebKey.Algorithm,0,980,0,0,0,71,0,4,0,4
IU Java Utilities API Reference/iu-java-logging,edu.iu.crypt,PemEncoded,0,338,0,28,0,67,0,37,0,23
IU Java Utilities API Reference/iu-java-logging,edu.iu.crypt,PemEncoded.new Iterator() {...},0,204,0,20,0,36,0,13,0,3
IU Java Utilities API Reference/iu-java-logging,edu.iu.crypt,WebKeyReference,0,4,0,0,0,2,0,2,0,2
IU Java Utilities API Reference/iu-java-logging,edu.iu.crypt,WebKey.Use,0,40,0,0,0,7,0,4,0,4
IU Java Utilities API Reference/iu-java-logging,edu.iu.crypt,WebEncryption.Builder,0,12,0,0,0,2,0,2,0,2
IU Java Utilities API Reference/iu-java-logging,edu.iu.crypt,WebEncryptionRecipient.Builder,0,15,0,0,0,3,0,3,0,3
IU Java Utilities API Reference/iu-java-logging,edu.iu.crypt,EphemeralKeys,0,145,0,8,0,34,0,15,0,11
IU Java Utilities API Reference/iu-java-logging,edu.iu.crypt,WebKey,0,688,0,126,0,144,0,90,0,27
IU Java Utilities API Reference/iu-java-logging,edu.iu.crypt,PemEncoded.KeyType,0,27,0,0,0,5,0,1,0,1
IU Java Utilities API Reference/iu-java-logging,edu.iu.crypt,WebKey.Operation,0,82,0,0,0,14,0,4,0,4
IU Java Utilities API Reference/iu-java-logging,edu.iu.crypt,WebSignedPayload,0,38,0,4,0,12,0,4,0,2
IU Java Utilities API Reference/iu-java-logging,edu.iu.crypt,WebSignature,0,4,0,0,0,1,0,1,0,1
IU Java Utilities API Reference/iu-java-logging,edu.iu.crypt,WebSignature.Builder,0,12,0,0,0,2,0,2,0,2
IU Java Utilities API Reference/iu-java-logging,edu.iu.crypt,WebKey.Type,0,182,0,12,0,29,0,13,0,7
IU Java Utilities API Reference/iu-java-logging,edu.iu.crypt,WebCryptoHeader.Param,0,311,0,2,0,32,0,17,0,16
IU Java Utilities API Reference/iu-java-logging,edu.iu.crypt,Init,0,20,0,0,0,6,0,2,0,2
IU Java Utilities API Reference/iu-java-logging,edu.iu.crypt,WebCryptoHeader,0,186,0,26,0,34,0,20,0,7
IU Java Utilities API Reference/iu-java-logging,edu.iu.crypt,WebEncryption,0,36,0,0,0,8,0,6,0,6
IU Java Utilities API Reference/iu-java-logging,edu.iu.crypt,WebToken,0,21,0,0,0,4,0,4,0,4
IU Java Utilities API Reference/iu-java-logging,iu.crypt,JoseBuilder,0,111,0,4,0,22,0,14,0,12
IU Java Utilities API Reference/iu-java-logging,iu.crypt,CryptJsonAdapters,0,144,0,9,0,29,0,24,0,16
IU Java Utilities API Reference/iu-java-logging,iu.crypt,CertificateReferenceBuilder,0,46,0,0,0,8,0,7,0,7
IU Java Utilities API Reference/iu-java-logging,iu.crypt,JwkBuilder,0,634,0,39,0,118,0,47,0,25
IU Java Utilities API Reference/iu-java-logging,iu.crypt,Jwe,0,1090,0,88,0,208,0,83,0,39
IU Java Utilities API Reference/iu-java-logging,iu.crypt,JweRecipient,0,541,0,38,0,102,0,33,0,14
IU Java Utilities API Reference/iu-java-logging,iu.crypt,Jwk,0,1010,0,59,0,163,0,79,0,49
IU Java Utilities API Reference/iu-java-logging,iu.crypt,Jwt,0,298,0,20,0,61,0,33,0,23
IU Java Utilities API Reference/iu-java-logging,iu.crypt,Jws,0,608,0,68,0,125,0,54,0,18
IU Java Utilities API Reference/iu-java-logging,iu.crypt,JwsBuilder,0,470,0,24,0,96,0,35,0,22
IU Java Utilities API Reference/iu-java-logging,iu.crypt,EncodingUtils,0,201,0,10,0,36,0,11,0,6
IU Java Utilities API Reference/iu-java-logging,iu.crypt,UnsignedBigInteger,0,31,0,2,0,8,0,3,0,2
IU Java Utilities API Reference/iu-java-logging,iu.crypt,Jose,0,354,0,38,0,67,0,40,0,21
IU Java Utilities API Reference/iu-java-logging,iu.crypt,JwsBuilder.PendingSignature,0,88,0,10,0,16,0,9,0,4
IU Java Utilities API Reference/iu-java-logging,iu.crypt,JweBuilder,0,270,0,22,0,52,0,21,0,10
IU Java Utilities API Reference/iu-java-logging,iu.crypt,JweRecipientBuilder.EncryptedKeyBuilder,0,397,0,10,0,77,0,18,0,11
IU Java Utilities API Reference/iu-java-logging,iu.crypt,CompactEncoded.new Iterator() {...},0,71,0,10,0,12,0,8,0,3
IU Java Utilities API Reference/iu-java-logging,iu.crypt,JsonCertificateReference,0,198,0,18,0,35,0,24,0,15
IU Java Utilities API Reference/iu-java-logging,iu.crypt,Jose.Extension,0,4,0,0,0,4,0,4,0,4
IU Java Utilities API Reference/iu-java-logging,iu.crypt,JwtBuilder,0,100,0,6,0,21,0,15,0,12
IU Java Utilities API Reference/iu-java-logging,iu.crypt,Jwe.AesCbcHmac,0,282,0,4,0,48,0,11,0,9
IU Java Utilities API Reference/iu-java-logging,iu.crypt,JwsSignedPayload,0,103,0,8,0,31,0,11,0,7
IU Java Utilities API Reference/iu-java-logging,iu.crypt,JweRecipientBuilder,0,96,0,6,0,23,0,10,0,7
IU Java Utilities API Reference/iu-java-logging,iu.crypt,CryptSpi,0,129,0,4,0,27,0,21,0,19
IU Java Utilities API Reference/iu-java-logging,iu.crypt,KeyReferenceBuilder,0,16,0,0,0,4,0,3,0,3
IU Java Utilities API Reference/iu-java-logging,iu.crypt,CompactEncoded,0,38,0,2,0,6,0,4,0,3
IU Java Utilities API Reference/iu-java-logging,iu.crypt,JsonKeyReference,0,106,0,10,0,19,0,13,0,8
IU Java Utilities API Reference/iu-java-logging,org.eclipse.parsson,JsonNumberImpl.JsonLongNumber,18,33,1,1,5,10,6,5,5,5
IU Java Utilities API Reference/iu-java-logging,org.eclipse.parsson,JsonReaderFactoryImpl,32,0,0,0,7,0,5,0,5,0
IU Java Utilities API Reference/iu-java-logging,org.eclipse.parsson,JsonWriterFactoryImpl,19,13,0,0,3,4,3,2,3,2
IU Java Utilities API Reference/iu-java-logging,org.eclipse.parsson,JsonBuilderFactoryImpl,32,18,0,0,5,5,5,3,5,3
IU Java Utilities API Reference/iu-java-logging,org.eclipse.parsson,JsonArrayBuilderImpl,433,101,31,7,107,31,52,12,35,10
IU Java Utilities API Reference/iu-java-logging,org.eclipse.parsson,JsonObjectBuilderImpl.DuplicateStrategy.new JsonObjectBuilderImpl.DuplicateStrategy() {...},6,11,1,1,1,3,1,2,0,2
IU Java Utilities API Reference/iu-java-logging,org.eclipse.parsson,JsonObjectBuilderImpl.DuplicateStrategy.new JsonObjectBuilderImpl.DuplicateStrategy() {...},0,9,0,0,0,2,0,2,0,2
IU Java Utilities API Reference/iu-java-logging,org.eclipse.parsson,JsonObjectBuilderImpl.DuplicateStrategy.new JsonObjectBuilderImpl.DuplicateStrategy() {...},6,7,2,0,3,1,2,1,1,1
IU Java Utilities API Reference/iu-java-logging,org.eclipse.parsson,JsonTokenizer,572,741,117,101,116,156,93,53,9,19
IU Java Utilities API Reference/iu-java-logging,org.eclipse.parsson,JsonStructureParser.ArrayScope,28,0,0,0,8,0,5,0,5,0
IU Java Utilities API Reference/iu-java-logging,org.eclipse.parsson,JsonObjectBuilderImpl.JsonObjectImpl,47,114,10,6,15,31,10,18,3,17
IU Java Utilities API Reference/iu-java-logging,org.eclipse.parsson,JsonNumberImpl.JsonIntNumber,18,33,1,1,5,10,6,5,5,5
IU Java Utilities API Reference/iu-java-logging,org.eclipse.parsson,JsonGeneratorImpl.Scope,0,44,0,0,0,5,0,1,0,1
IU Java Utilities API Reference/iu-java-logging,org.eclipse.parsson,JsonNumberImpl.JsonBigDecimalNumber,3,10,0,0,1,4,1,2,1,2
IU Java Utilities API Reference/iu-java-logging,org.eclipse.parsson,JsonPatchImpl.DiffGenerator,478,0,38,0,62,0,27,0,8,0
IU Java Utilities API Reference/iu-java-logging,org.eclipse.parsson,JsonReaderImpl,149,56,16,4,36,16,14,4,4,4
IU Java Utilities API Reference/iu-java-logging,org.eclipse.parsson,JsonArrayBuilderImpl.JsonArrayImpl,72,62,6,0,22,16,12,10,9,10
IU Java Utilities API Reference/iu-java-logging,org.eclipse.parsson,JsonTokenizer.JsonToken,0,165,0,0,0,19,0,4,0,4
IU Java Utilities API Reference/iu-java-logging,org.eclipse.parsson,JsonParserImpl.Context,2,56,1,5,1,11,1,4,0,2
IU Java Utilities API Reference/iu-java-logging,org.eclipse.parsson,JsonStringImpl,81,80,13,8,17,19,12,8,0,7
IU Java Utilities API Reference/iu-java-logging,org.eclipse.parsson,JsonContext,93,261,17,32,19,57,19,28,4,18
IU Java Utilities API Reference/iu-java-logging,org.eclipse.parsson,JsonWriterImpl.NoFlushOutputStream,0,12,0,0,0,5,0,3,0,3
IU Java Utilities API Reference/iu-java-logging,org.eclipse.parsson,JsonNumberImpl,65,148,11,17,15,37,13,20,4,15
IU Java Utilities API Reference/iu-java-logging,org.eclipse.parsson,JsonLocationImpl,51,0,0,0,10,0,6,0,6,0
IU Java Utilities API Reference/iu-java-logging,org.eclipse.parsson,JsonObjectBuilderImpl,148,186,13,9,34,54,16,17,7,15
IU Java Utilities API Reference/iu-java-logging,org.eclipse.parsson,MapUtil,403,0,62,0,74,0,32,0,1,0
IU Java Utilities API Reference/iu-java-logging,org.eclipse.parsson,JsonParserImpl.ObjectContext,43,61,7,8,7,17,6,4,0,2
IU Java Utilities API Reference/iu-java-logging,org.eclipse.parsson,NodeReference,22,0,0,0,4,0,4,0,4,0
IU Java Utilities API Reference/iu-java-logging,org.eclipse.parsson,JsonMessages,525,0,6,0,74,0,63,0,60,0
IU Java Utilities API Reference/iu-java-logging,org.eclipse.parsson,JsonObjectBuilderImpl.DuplicateStrategy,4,72,3,5,1,13,3,4,0,3
IU Java Utilities API Reference/iu-java-logging,org.eclipse.parsson,JsonGeneratorFactoryImpl,66,0,6,0,13,0,8,0,5,0
IU Java Utilities API Reference/iu-java-logging,org.eclipse.parsson,BufferPoolImpl,0,46,0,6,0,15,0,7,0,4
IU Java Utilities API Reference/iu-java-logging,org.eclipse.parsson,JsonNumberImpl.JsonNumberNumber,3,24,1,1,1,7,2,2,1,2
IU Java Utilities API Reference/iu-java-logging,org.eclipse.parsson,JsonStructureParser.ObjectScope,37,0,0,0,10,0,5,0,5,0
IU Java Utilities API Reference/iu-java-logging,org.eclipse.parsson,JsonParserImpl,304,255,37,27,69,54,39,25,14,15
IU Java Utilities API Reference/iu-java-logging,org.eclipse.parsson,JsonStructureParser.Scope,24,0,4,0,5,0,3,0,1,0
IU Java Utilities API Reference/iu-java-logging,org.eclipse.parsson,NodeReference.ArrayReference,153,0,18,0,24,0,15,0,6,0
IU Java Utilities API Reference/iu-java-logging,org.eclipse.parsson,JsonPointerImpl,379,0,51,0,74,0,39,0,13,0
IU Java Utilities API Reference/iu-java-logging,org.eclipse.parsson,JsonParserFactoryImpl,42,0,0,0,9,0,7,0,7,0
IU Java Utilities API Reference/iu-java-logging,org.eclipse.parsson,JsonPatchImpl,258,0,33,0,53,0,30,0,11,0
IU Java Utilities API Reference/iu-java-logging,org.eclipse.parsson,JsonParserImpl.Stack,14,53,2,4,3,14,3,5,1,4
IU Java Utilities API Reference/iu-java-logging,org.eclipse.parsson,JsonGeneratorImpl.Context,0,9,0,0,0,4,0,1,0,1
IU Java Utilities API Reference/iu-java-logging,org.eclipse.parsson,JsonWriterImpl,31,184,7,18,7,51,7,14,0,8
IU Java Utilities API Reference/iu-java-logging,org.eclipse.parsson,JsonMergePatchImpl,109,82,18,8,29,19,17,7,7,4
IU Java Utilities API Reference/iu-java-logging,org.eclipse.parsson,JsonParserImpl.ArrayContext,20,43,4,4,3,12,3,3,0,2
IU Java Utilities API Reference/iu-java-logging,org.eclipse.parsson,JsonPrettyGeneratorImpl,34,79,1,5,10,26,5,10,4,8
IU Java Utilities API Reference/iu-java-logging,org.eclipse.parsson,JsonParserImpl.NoneContext,7,21,1,1,2,5,2,2,1,2
IU Java Utilities API Reference/iu-java-logging,org.eclipse.parsson,JsonPatchBuilderImpl,354,0,0,0,85,0,20,0,20,0
IU Java Utilities API Reference/iu-java-logging,org.eclipse.parsson,JsonProviderImpl,224,129,8,2,29,17,26,13,21,13
IU Java Utilities API Reference/iu-java-logging,org.eclipse.parsson,JsonParserImpl.new Spliterators.AbstractSpliterator() {...},33,0,4,0,9,0,5,0,3,0
IU Java Utilities API Reference/iu-java-logging,org.eclipse.parsson,JsonGeneratorImpl,679,1572,88,67,173,178,82,53,19,30
IU Java Utilities API Reference/iu-java-logging,org.eclipse.parsson,JsonParserImpl.new Spliterators.AbstractSpliterator() {...},36,0,6,0,10,0,6,0,3,0
IU Java Utilities API Reference/iu-java-logging,org.eclipse.parsson,JsonParserImpl.new Spliterators.AbstractSpliterator() {...},69,0,10,0,18,0,8,0,3,0
IU Java Utilities API Reference/iu-java-logging,org.eclipse.parsson,JsonStructureParser,349,0,66,0,86,0,55,0,17,0
IU Java Utilities API Reference/iu-java-logging,org.eclipse.parsson,JsonParserImpl.SkippingContext,30,38,9,3,9,10,6,3,1,2
IU Java Utilities API Reference/iu-java-logging,org.eclipse.parsson,UnicodeDetectingInputStream,221,181,57,21,41,41,41,6,3,5
IU Java Utilities API Reference/iu-java-logging,org.eclipse.parsson,NodeReference.RootReference,44,0,4,0,12,0,8,0,6,0
IU Java Utilities API Reference/iu-java-logging,org.eclipse.parsson,NodeReference.ObjectReference,91,0,10,0,16,0,11,0,6,0
